ASIN,2024-07-29
B0CKLN7PSZ,33990
B0CB7S1RTX,36990
B0D7PYTTGH,23999
B0CLTW4D7T,45030
B0D32SKB4C,54762
B0CQP3H49P,76644
B0CJJVFGM6,19990
B0D1G7B66L,59700
B0BY1VKP2D,23100
B0CXPW7BRZ,179990
B0CKLTD48T,36990
B0CJ36X76S,41920
B0D2DG7PC9,94009
B0CHRN8C32,19990
B0CSJRN3PJ,83990
B0B42QJMJP,27790
B0CHRNQBCR,19890
B0D4ZB6GH2,46990
B0B6F5W7WL,32564
B0CKTLKGKN,43190
B0D4VQP8M8,56990
B0CYHB7P1W,79990
B0C77J952V,37990
B0D32T8YVX,61990
B09X79JDC5,68890
B0D4Z8WJY4,49929
B0CJJW635W,23029
B0C3HTXBWP,111804
B0D45THCGJ,55890
B0CSK7VYT4,32490
B0C3CKFMK8,65490
B0CJJVT8M5,19990
B0CXPXT4XD,199990
B0B42RSQWR,43990
B0BWNJS81C,73034
B0CQP1R949,66990
B0D45T32HD,54490
B0D4Z8WF34,38599
B0D4Z5Z8B5,45990
B0B3X2CPXD,44490
B0D9C2PVN4,82500
B0D4Z93QBW,43999
B0CH9VN5KB,55990
B0B3XSR6RH,42990
B0CCRV54Y7,154990
B0D45TZ39G,59890
B0C5D32X14,55500
B0D4Z8TBXC,45990
B0CHW3HH5T,28990
B0B646J7WQ,34990
B0D1GCRCXT,62990
B0D2D93HY2,249990
B0B641PR4X,34990
B0CYHGB3KJ,94990
B0CHWDM6FY,32489
B0C5MY2WB5,70500
B09X7CZW6C,34990
B0C5D2PTT1,51990
B0BZRQ2FF2,31200
B096XG4KCC,46990
B0D9NZLBZ7,60890
B0D9DC4WF4,60780
B0D7ZZBBGP,39699
B0D4Z8ZGV2,41500
B0CJK21N6B,37899
B0CJK21N6B,37899
B0CJK111K3,70690
B0CSG4G18G,48438
B0CCSMVFWS,49021
B0D6BJC7FT,81609
B0C1Z88WWP,77390
B0CYLXZ28F,97590
B0C1595WPW,66418
B0CJK16WZV,43550
B0C9F62HN5,40990
B0CBC9HLLC,68860
B0D6BDJFQS,52109
B0CNZ8MDLV,38490
B0C4ZH76WC,178790
B0C4ZNZ14D,165190
B0CDBN7CNH,195590
B0CN1L7XS2,148690
B0C4ZH76WC,178790
B0CDBPD5MX,127490
B0C4ZV1V9V,161890
B0CRKX3JRT,77290
B0CDBP1N8B,100090
B0CXM14ZY7,72290
B0D46Q1736,50990
B0BQJ68HHC,37972
B0C4ZK48JB,72990
B0CCSPWCQY,38799
B0CBKVMK4R,323890
B0CYLX8XXJ,165990
B0C917XSCR,200490
B0CBKXXQWP,211990
B0CYLYCZJZ,214190
B0CBKVMK4R,323890
B0CYLXD4K5,214190
B0CYLZYVFN,192090
B0BGJ7YCTF,146290
B0CBKWQ4YB,257390
